INSERT INTO `nivel` (`idnivel`, `nivel_nombre`, `idsede`, `usercreate`) VALUES
(1, 'Inicial', 1, 1),
(2, 'Primaria', 1, 1),
(3, 'Secundaria', 1, 1),
(4, 'Kusiwawa', 1, 1),
(5, 'Inicial', 2, 1),
(6, 'Primaria', 2, 1),



INSERT INTO `grado` (`idgrado`, `name`, `idnivel`, `idsede`, `usercreate`) VALUES
(1, '2 años', 1, 1, 1),
(2, '3 años', 1, 1, 1),
(3, '4 años', 1, 1, 1),
(4, '5 años', 1, 1, 1),
(5, '1er Grado', 2, 1, 1),
(6, '2do Grado', 2, 1, 1),
(7, '3er Grado', 2, 1, 1),
(8, '4to Grado', 2, 1, 1),
(9, '5to Grado', 2, 1, 1),
(10, '6to Grado', 2, 1, 1),
(11, '1er Año', 3, 1, 1),
(12, '2do Año', 3, 1, 1),
(13, '3er Año', 3, 1, 1),
(14, '4to Año', 3, 1, 1),
(15, '5to Año', 3, 1, 1),
(16, '2 años', 5, 2, 1),
(17, '3 años', 5, 2, 1),
(18, '4 años', 5, 2, 1),
(19, '5 años', 5, 2, 1),
(20, '1er Grado', 6, 2, 1),
(21, '2do Grado', 6, 2, 1),
(22, '3er Grado', 6, 2, 1),
(23, '4to Grado', 6, 2, 1),
(24, '5to Grado', 6, 2, 1),
(25, '6to Grado', 6, 2, 1)


INSERT INTO `seccion` (`idseccion`, `name`, `idgrado`, `idsede`, `idnivel`,  `usercreate`) VALUES
(1, 'Pollitos', 1, 1, 1, 1),
(2, 'Conejitos', 2, 1, 1, 1),
(3, 'Cisnes', 3, 1, 1, 1),
(4, 'Pandas', 3, 1, 1, 1),
(5, 'Jirafitas', 4, 1, 1, 1),
(6, 'Delfines', 4, 1, 1, 1),
(7, 'Ositos', 17, 2, 5, 1),
(8, 'Leoncitos', 18, 2, 5, 1),
(9, 'Patitos', 19, 2, 5, 1),
(10, 'Ardillitas', 19, 2, 5, 1),
(11, "A", 5, 1, 2, 1),
(12, "B", 5, 1, 2, 1),
(13, "A", 6, 1, 2, 1),
(14, "B", 6, 1, 2, 1),
(15, "A", 7, 1, 2, 1),
(16, "B", 7, 1, 2, 1),
(17, "A", 8, 1, 2, 1),
(18, "B", 8, 1, 2, 1),
(19, "A", 9, 1, 2, 1),
(20, "B", 9, 1, 2, 1),
(21, "A", 10, 1, 2, 1),
(22, "B", 10, 1, 2, 1),
(23, "A", 11, 1, 3, 1),
(24, "B", 11, 1, 3, 1),
(25, "A", 12, 1, 3, 1),
(26, "B", 12, 1, 3, 1),
(27, "A", 13, 1, 3, 1),
(28, "B", 13, 1, 3, 1),
(29, "A", 14, 1, 3, 1),
(30, "B", 14, 1, 3, 1),
(31, "A", 15, 1, 3, 1),
(32, "B", 15, 1, 3, 1),
(33, "A", 20, 2, 6, 1),
(34, "B", 20, 2, 6, 1),
(35, "A", 21, 2, 6, 1),
(36, "B", 21, 2, 6, 1),
(37, "A", 22, 2, 6, 1),
(38, "B", 22, 2, 6, 1),
(39, "A", 23, 2, 6, 1),
(40, "B", 23, 2, 6, 1),
(41, "A", 24, 2, 6, 1),
(42, "B", 24, 2, 6, 1),
(43, "A", 25, 2, 6, 1),
(44, "B", 25, 2, 6, 1)


INSERT INTO `aula` (`idaula`, `name`, `idseccion`, `idgrado`, `idsede`, `idnivel`,  `usercreate`) VALUES
(1, 'N/A', 1, 1, 1, 1, 1),
(2, 'N/A', 2, 2, 1, 1, 1),
(3, 'N/A', 3, 3, 1, 1, 1),
(4, 'N/A', 4, 3, 1, 1, 1),
(5, 'N/A', 5, 4, 1, 1, 1),
(6, 'N/A', 6, 4, 1, 1, 1),
(7, 'N/A', 7, 17, 2, 5, 1),
(8, 'N/A', 8, 18, 2, 5, 1),
(9, 'N/A', 9, 19, 2, 5, 1),
(10, 'N/A', 10, 19, 2, 5, 1),
(11, 'N/A', 11, 5, 1, 2, 1),
(12, 'N/A', 12, 5, 1, 2, 1),
(13, 'N/A', 13, 6, 1, 2, 1),
(14, 'N/A', 14, 6, 1, 2, 1),
(15, 'N/A', 15, 7, 1, 2, 1),
(16, 'N/A', 16, 7, 1, 2, 1),
(17, 'N/A', 17, 8, 1, 2, 1),
(18, 'N/A', 18, 8, 1, 2, 1),
(19, 'N/A', 19, 9, 1, 2, 1),
(20, 'N/A', 20, 9, 1, 2, 1),
(21, 'N/A', 21, 10, 1, 2, 1),
(22, 'N/A', 22, 10, 1, 2, 1),
(23, 'N/A', 23, 11, 1, 3, 1),
(24, 'N/A', 24, 11, 1, 3, 1),
(25, 'N/A', 25, 12, 1, 3, 1),
(26, 'N/A', 26, 12, 1, 3, 1),
(27, 'N/A', 27, 13, 1, 3, 1),
(28, 'N/A', 28, 13, 1, 3, 1),
(29, 'N/A', 29, 14, 1, 3, 1),
(30, 'N/A', 30, 14, 1, 3, 1),
(31, 'N/A', 31, 15, 1, 3, 1),
(32, 'N/A', 32, 15, 1, 3, 1),
(33, 'N/A', 33, 20, 2, 6, 1),
(34, 'N/A', 34, 20, 2, 6, 1),
(35, 'N/A', 35, 21, 2, 6, 1),
(36, 'N/A', 36, 21, 2, 6, 1),
(37, 'N/A', 37, 22, 2, 6, 1),
(38, 'N/A', 38, 22, 2, 6, 1),
(39, 'N/A', 39, 23, 2, 6, 1),
(40, 'N/A', 40, 23, 2, 6, 1),
(41, 'N/A', 41, 24, 2, 6, 1),
(42, 'N/A', 42, 24, 2, 6, 1),
(43, 'N/A', 43, 25, 2, 6, 1),
(44, 'N/A', 44, 25, 2, 6, 1)


INSERT INTO `vacante` (`idvacante`, `qty_vacantes`, `qty_matriculados`, `idseccion`, `idgrado`, `idnivel`,  `idsede`, `idperiodomatricula`,  `usercreate`) VALUES
(1, '17', '0', 1, 1, 1, 1, 1,)


--
-- Restricciones para tablas volcadas
--

--
-- Filtros para la tabla `Grado`
--


/*!40101 SET CHARACTER_SET_CLIENT=@OLD_CHARACTER_SET_CLIENT */;
/*!40101 SET CHARACTER_SET_RESULTS=@OLD_CHARACTER_SET_RESULTS */;
/*!40101 SET COLLATION_CONNECTION=@OLD_COLLATION_CONNECTION */;
